AgeGroup,CohortSize,CRC_base,CVA_base
35-39,4567000,91.34,3333.91
40-44,4214000,168.56,3539.76
45-49,3690000,295.20000000000005,3210.3
50-54,3092000,401.96,3308.44
55-59,2534000,456.12,3167.5
60-64,1979000,494.75,2948.71
65-69,1493000,477.76000000000005,2448.52
70-74,1112000,467.04,2624.32
75-79,791000,435.05,2989.98
80-100,1010000,1171.6,10837.3
