spline,a,b,c,d
0,-0.0019526128291068475,-0.0,0.6488153207276712,0.0
1,0.014052256582137082,-0.029289192436602773,0.5023693585446574,3.0
2,-0.0014070115774409708,0.0550243470562195,0.5538396677838913,4.0
3,-0.011306391131535006,0.029698138662282176,1.0621745820949005,9.0
4,0.009595539066543946,-0.17381690170534803,0.19746200383650614,14.0
5,5.224754797890804E-5,-0.0010971985075570734,-0.8520225974409241,11.0
